{"cameraMode":{"drawMode":0,"name":"Shaded","section":"Shading Mode"},"sceneLighting":true,"audioPlay":false,"sceneViewState":{"m_AlwaysRefresh":false,"showFog":true,"showSkybox":true,"showFlares":true,"showImageEffects":true,"showParticleSystems":true,"showVisualEffectGraphs":true,"m_FxEnabled":true},"in2DMode":false,"pivot":{"x":629.9630126953125,"y":-1.1484928131103516,"z":351.1067810058594},"rotation":{"x":0.24493075907230378,"y":-0.23483601212501527,"z":0.060749270021915439,"w":0.9391404390335083},"size":7.671586036682129,"orthographic":false}